{"0": 0.006396293640136719, "1": 0.006042003631591797, "2": 0.00978708267211914, "3": 0.0008311271667480469, "4": 0.009658098220825195, "5": 4.601478576660156e-05, "6": 0.0056056976318359375, "7": 0.005297660827636719, "8": 0.0042459964752197266, "9": 0.009897232055664062, "10": 0.009041070938110352, "11": 0.005637168884277344, "12": 0.002086639404296875, "13": 0.0045926570892333984, "14": 0.011659383773803711, "15": 0.003676176071166992, "16": 0.0021038055419921875, "17": 1.621246337890625e-05, "18": 0.012781620025634766, "19": 0.008584976196289062, "20": 0.005825042724609375, "21": 3.218650817871094e-05, "22": 0.008133411407470703, "23": 6.651878356933594e-05, "24": 0.009368419647216797, "25": 0.0008106231689453125, "26": 0.00836038589477539, "27": 0.002519369125366211, "28": 0.006033658981323242, "29": 0.004309415817260742, "30": 0.00709080696105957, "31": 0.004509449005126953, "32": 0.004867076873779297, "33": 4.696846008300781e-05, "34": 0.00531005859375, "35": 0.0060579776763916016, "36": 0.011484384536743164, "37": 3.910064697265625e-05, "38": 4.482269287109375e-05, "39": 0.007803201675415039, "40": 0.009922266006469727, "41": 0.008646011352539062, "42": 0.0071179866790771484, "43": 0.0077457427978515625, "44": 0.010233402252197266, "45": 0.01137542724609375, "46": 4.100799560546875e-05, "47": 0.005324602127075195, "48": 0.013171911239624023, "49": 0.016507387161254883, "50": 0.001695394515991211, "51": 0.00978994369506836, "52": 0.0036797523498535156, "53": 0.008341789245605469, "54": 0.010514497756958008, "55": 0.007171630859375, "56": 0.007043600082397461, "57": 0.011028051376342773, "58": 0.006781101226806641, "59": 2.3126602172851562e-05, "60": 0.012743949890136719, "61": 0.004746437072753906, "62": 0.0024933815002441406, "63": 0.013119220733642578, "64": 0.0014753341674804688, "65": 0.013896942138671875, "66": 0.0048198699951171875, "67": 0.007061004638671875, "68": 0.011728286743164062, "69": 0.008653640747070312, "70": 3.266334533691406e-05, "71": 0.0020072460174560547, "72": 5.316734313964844e-05, "73": 0.003216981887817383, "74": 0.0038499832153320312, "75": 0.0021772384643554688, "76": 0.003912210464477539, "77": 0.013566255569458008, "78": 0.0012743473052978516, "79": 0.0016522407531738281, "80": 0.0067539215087890625, "81": 0.006924152374267578, "82": 0.006670713424682617, "83": 2.4318695068359375e-05, "84": 0.009036540985107422, "85": 3.719329833984375e-05, "86": 3.266334533691406e-05, "87": 4.601478576660156e-05, "88": 0.008609533309936523, "89": 0.006099224090576172, "90": 0.006841421127319336, "91": 0.013134002685546875, "92": 0.010689020156860352, "93": 2.9325485229492188e-05, "94": 0.0017173290252685547, "95": 0.006624698638916016, "96": 0.008002519607543945, "97": 3.981590270996094e-05, "98": 0.005254268646240234, "99": 0.010212182998657227, "100": 0.024151325225830078, "101": 0.03275275230407715, "102": 0.025369644165039062, "103": 3.743171691894531e-05, "104": 0.0031147003173828125, "105": 0.007217884063720703, "106": 0.03830885887145996, "107": 0.040441274642944336, "108": 0.021749258041381836, "109": 0.020723342895507812, "110": 0.004266023635864258, "111": 0.03105950355529785, "112": 0.02952718734741211, "113": 0.0067141056060791016, "114": 0.014354944229125977, "115": 0.022757768630981445, "116": 0.047714948654174805, "117": 0.017215728759765625, "118": 0.0125579833984375, "119": 0.032338619232177734, "120": 0.0008215904235839844, "121": 0.011452436447143555, "122": 0.026336193084716797, "123": 0.004641056060791016, "124": 0.0374910831451416, "125": 0.008331060409545898, "126": 0.043668508529663086, "127": 0.02443695068359375, "128": 0.022790908813476562, "129": 0.0077991485595703125, "130": 0.049474239349365234, "131": 0.05829024314880371, "132": 2.9802322387695312e-05, "133": 0.033535003662109375, "134": 0.05956912040710449, "135": 0.029151439666748047, "136": 0.02875804901123047, "137": 0.014159917831420898, "138": 0.02043008804321289, "139": 0.014209270477294922, "140": 0.020108938217163086, "141": 0.02279376983642578, "142": 0.026248693466186523, "143": 0.014592409133911133, "144": 0.017629146575927734, "145": 0.012406349182128906, "146": 0.029031991958618164, "147": 0.033075809478759766, "148": 0.0068912506103515625, "149": 0.020528554916381836, "150": 2.3365020751953125e-05, "151": 0.025165081024169922, "152": 0.03000926971435547, "153": 0.023520946502685547, "154": 0.027537822723388672, "155": 0.025573015213012695, "156": 0.014773130416870117, "157": 0.009607553482055664, "158": 0.04027366638183594, "159": 0.03132438659667969, "160": 0.007872819900512695, "161": 0.018254756927490234, "162": 0.02237105369567871, "163": 0.029236555099487305, "164": 0.02036285400390625, "165": 0.018568992614746094, "166": 0.040607452392578125, "167": 0.04062962532043457, "168": 0.013853073120117188, "169": 0.023197650909423828, "170": 0.02530813217163086, "171": 0.025440454483032227, "172": 0.01860976219177246, "173": 0.022377729415893555, "174": 0.021895408630371094, "175": 4.6253204345703125e-05, "176": 0.027933597564697266, "177": 0.013181686401367188, "178": 0.02944016456604004, "179": 0.03886270523071289, "180": 0.013652563095092773, "181": 0.00598597526550293, "182": 0.029294252395629883, "183": 0.006841421127319336, "184": 0.008284568786621094, "185": 0.02796196937561035, "186": 0.02718496322631836, "187": 0.02366185188293457, "188": 0.01749134063720703, "189": 0.009851694107055664, "190": 0.01665043830871582, "191": 0.0270078182220459, "192": 2.86102294921875e-05, "193": 0.02380514144897461, "194": 2.6464462280273438e-05, "195": 0.024531841278076172, "196": 0.014393329620361328, "197": 0.024988174438476562, "198": 0.007582902908325195, "199": 0.04863286018371582, "200": 0.06526398658752441, "201": 0.05944108963012695, "202": 0.08377718925476074, "203": 0.09472823143005371, "204": 0.07657146453857422, "205": 0.06921672821044922, "206": 0.10422182083129883, "207": 0.07989144325256348, "208": 0.07018518447875977, "209": 0.08188962936401367, "210": 0.07006335258483887, "211": 0.06267166137695312, "212": 0.1189124584197998, "213": 0.022152185440063477, "214": 0.02747511863708496, "215": 0.048456430435180664, "216": 0.1007232666015625, "217": 0.03051471710205078, "218": 0.09125280380249023, "219": 0.08017659187316895, "220": 0.10819673538208008, "221": 0.06449437141418457, "222": 0.07664060592651367, "223": 0.02780771255493164, "224": 0.052069902420043945, "225": 0.0750420093536377, "226": 0.21284937858581543, "227": 0.06285429000854492, "228": 0.00911569595336914, "229": 0.06777620315551758, "230": 0.0885472297668457, "231": 0.04209470748901367, "232": 0.041948795318603516, "233": 0.10012006759643555, "234": 0.045081138610839844, "235": 0.05869793891906738, "236": 0.058991432189941406, "237": 0.1817460060119629, "238": 0.06859254837036133, "239": 0.04700303077697754, "240": 0.05020785331726074, "241": 0.07778263092041016, "242": 0.03715395927429199, "243": 0.09212064743041992, "244": 0.0633859634399414, "245": 0.0033562183380126953, "246": 0.029893159866333008, "247": 0.10944652557373047, "248": 0.10631942749023438, "249": 0.04812121391296387, "250": 0.028330087661743164, "251": 0.03578042984008789, "252": 0.05763983726501465, "253": 0.031105756759643555, "254": 0.05970907211303711, "255": 0.03976726531982422, "256": 0.03344869613647461, "257": 0.048473358154296875, "258": 0.02078413963317871, "259": 0.052500247955322266, "260": 0.06725931167602539, "261": 0.09182357788085938, "262": 0.12477374076843262, "263": 0.042720794677734375, "264": 0.08295130729675293, "265": 0.062232255935668945, "266": 0.14897894859313965, "267": 0.037819862365722656, "268": 0.03891110420227051, "269": 0.09869647026062012, "270": 0.07810711860656738, "271": 0.025047779083251953, "272": 0.2104635238647461, "273": 0.030030250549316406, "274": 0.03249049186706543, "275": 0.01900506019592285, "276": 0.04153704643249512, "277": 0.03976082801818848, "278": 0.05472898483276367, "279": 0.0384669303894043, "280": 0.028313875198364258,